<?xml version="1.0" ?>
<container xmlns="http://symfony.com/schema/dic/services"
           xmlns:xsi="http://www.w3.org/2001/XMLSchema-instance"
           xsi:schemaLocation="http://symfony.com/schema/dic/services http://symfony.com/schema/dic/services/services-1.0.xsd">
    <services>
        <service id="Releva\Retargeting\Shopware\Subscriber\StoreFrontSubscriber">
            <tag name="kernel.event_subscriber"/>
            <argument type="service" id="Shopware\Core\System\SystemConfig\SystemConfigService"/>
        </service>
        <service id="Releva\Retargeting\Shopware\Internal\ShopInfo" public="true">
            <argument type="service" id="service_container"/>
        </service>
    </services>
</container>